Username,"Student ID","Email Address","First Name","Last Name","Average %",Grade,Weight,"Participation %","Questions & Discussions",,,"Questions & Discussions within Pages",,
,,,,,,,,,Correct,Incorrect,Missed,Correct,Incorrect,Missed
DAI45@WISC.EDU,,DAI45@WISC.EDU,,,100.00,2.00,2.00,100.00,2,0,0,0,0,0
jguo249@wisc.edu,9080285829,jguo249@wisc.edu,,,100.00,2.00,2.00,100.00,0,2,0,0,0,0
DPDOWNIE@WISC.EDU,dpdownie,DPDOWNIE@WISC.EDU,,,0.00,0.00,2.00,0.00,0,0,2,0,0,0
BDMILLER5@WISC.EDU,9077943588,BDMILLER5@WISC.EDU,,,100.00,2.00,2.00,100.00,1,1,0,0,0,0
DFLYNN4@WISC.EDU,,DFLYNN4@WISC.EDU,,,0.00,0.00,2.00,0.00,0,0,2,0,0,0
ACWALLACE2@WISC.EDU,,ACWALLACE2@WISC.EDU,,,0.00,0.00,2.00,0.00,0,0,2,0,0,0
AHLSCHLAGER@WISC.EDU,9078306306,AHLSCHLAGER@WISC.EDU,,,100.00,2.00,2.00,100.00,1,1,0,0,0,0
zabramovich@wisc.edu,9073478423,ZABRAMOVICH@WISC.EDU,Zach,Abramovich,100.00,2.00,2.00,100.00,0,2,0,0,0,0
oansari@wisc.edu,9076654095,OANSARI@WISC.EDU,"Obaid ",Ansari,100.00,2.00,2.00,100.00,0,2,0,0,0,0
asad2@wisc.edu,9075292020,ASAD2@WISC.EDU,Adan,Asad,50.00,1.00,2.00,50.00,1,0,1,0,0,0
SDBAHR@WISC.EDU,9079053931,SDBAHR@WISC.EDU,Samuel,Bahr,100.00,2.00,2.00,100.00,0,2,0,0,0,0
BAI54@WISC.EDU,bai54,BAI54@WISC.EDU,Yumeng,Bai,100.00,2.00,2.00,100.00,1,1,0,0,0,0
JBARRIOS2@WISC.EDU,9072568083,JBARRIOS2@WISC.EDU,Jeffrey,Barrios,0.00,0.00,2.00,0.00,0,0,2,0,0,0
MRBATCHELOR@WISC.EDU,,MRBATCHELOR@WISC.EDU,Mason,Batchelor,100.00,2.00,2.00,100.00,1,1,0,0,0,0
biren@wisc.edu,9074063091,BIREN@WISC.EDU,Kenan,Biren,100.00,2.00,2.00,100.00,1,1,0,0,0,0
ZJBORCHARDT@WISC.EDU,9079175700,ZJBORCHARDT@WISC.EDU,Zack,Borchardt,100.00,2.00,2.00,100.00,0,2,0,0,0,0
BREITEN@WISC.EDU,9078303709,BREITEN@WISC.EDU,David,Breiten,100.00,2.00,2.00,100.00,1,1,0,0,0,0
GBUSCEMI2@WISC.EDU,9079860483,GBUSCEMI2@WISC.EDU,Grey,Buscemi,100.00,2.00,2.00,100.00,2,0,0,0,0,0
JBYCK@WISC.EDU,9079582418,JBYCK@WISC.EDU,Janneke,Byck,100.00,2.00,2.00,100.00,2,0,0,0,0,0
MCALIFF@WISC.EDU,mcaliff,MCALIFF@WISC.EDU,Marcus,Califf,100.00,2.00,2.00,100.00,1,1,0,0,0,0
JCASLETON@WISC.EDU,9078081370,JCASLETON@WISC.EDU,Justin,Casleton,100.00,2.00,2.00,100.00,1,1,0,0,0,0
YCHEN856@WISC.EDU,9080178271,YCHEN856@WISC.EDU,Angela,Chen,50.00,1.00,2.00,50.00,0,1,1,0,0,0
jchen672@wisc.edu,9078093375,JCHEN672@WISC.EDU,"Jiong ",Chen,100.00,2.00,2.00,100.00,0,2,0,0,0,0
kchen263@wisc.edu,9075879107,KCHEN263@WISC.EDU,Kaiyang,Chen,0.00,0.00,2.00,0.00,0,0,2,0,0,0
kchen264@wisc.edu,kchen264,KCHEN264@WISC.EDU,Kexin,Chen,100.00,2.00,2.00,100.00,2,0,0,0,0,0
WCHEN393@WISC.EDU,9080030860,WCHEN393@WISC.EDU,Wanjing,Chen,100.00,2.00,2.00,100.00,1,1,0,0,0,0
CLENDENING@WISC.EDU,9079841749,CLENDENING@WISC.EDU,Kareena,Clendening,100.00,2.00,2.00,100.00,1,1,0,0,0,0
BCONRADT@WISC.EDU,9077050566,BCONRADT@WISC.EDU,Bailey,Conradt,100.00,2.00,2.00,100.00,2,0,0,0,0,0
CORONA2@WISC.EDU,,CORONA2@WISC.EDU,joel,corona,0.00,0.00,2.00,0.00,0,0,2,0,0,0
MACORRIGAN@WISC.EDU,,MACORRIGAN@WISC.EDU,Mollie,Corrigan,100.00,2.00,2.00,100.00,2,0,0,0,0,0
LDELAROSA@WISC.EDU,9078599660,LDELAROSA@WISC.EDU,Lauren,"De La Rosa",100.00,2.00,2.00,100.00,0,2,0,0,0,0
DEFRIES2@WISC.EDU,9077323112,DEFRIES2@WISC.EDU,Sam,Defries,100.00,2.00,2.00,100.00,2,0,0,0,0,0
BDORAVA@WISC.EDU,9077513175,BDORAVA@WISC.EDU,Benjamin,Dorava,0.00,0.00,2.00,0.00,0,0,2,0,0,0
MFAROOQUI@WISC.EDU,Mfarooqui,MFAROOQUI@WISC.EDU,Mehtab,Farooqui,100.00,2.00,2.00,100.00,2,0,0,0,0,0
cflorin@wisc.edu,9074868010,CFLORIN@WISC.EDU,Courtney,Florin,100.00,2.00,2.00,100.00,2,0,0,0,0,0
JYFOSTER@WISC.EDU,9074452609,JYFOSTER@WISC.EDU,Joel,Foster,100.00,2.00,2.00,100.00,1,1,0,0,0,0
TJFRITZ@WISC.EDU,9079226016,TJFRITZ@WISC.EDU,Tyler,Fritz,100.00,2.00,2.00,100.00,2,0,0,0,0,0
SFU36@WISC.EDU,sfu36,SFU36@WISC.EDU,Silei,Fu,100.00,2.00,2.00,100.00,2,0,0,0,0,0
BMFUGLESTAD@WISC.EDU,9079121183,BMFUGLESTAD@WISC.EDU,Brett,Fuglestad,100.00,2.00,2.00,100.00,1,1,0,0,0,0
GERKHARDT@WISC.EDU,9079104551,GERKHARDT@WISC.EDU,Adam,Gerkhardt,100.00,2.00,2.00,100.00,2,0,0,0,0,0
GOCHEE@WISC.EDU,9078656692,GOCHEE@WISC.EDU,Matthew,Gochee,100.00,2.00,2.00,100.00,1,1,0,0,0,0
LDGOLDMAN@WISC.EDU,9077230416,LDGOLDMAN@WISC.EDU,Larry,Goldman,100.00,2.00,2.00,100.00,0,2,0,0,0,0
gough2@wisc.edu,9073464563,GOUGH2@WISC.EDU,Michael,Gough,0.00,0.00,2.00,0.00,0,0,2,0,0,0
RGRYZWA@WISC.EDU,9078091759,RGRYZWA@WISC.EDU,RIley,Gryzwa,100.00,2.00,2.00,100.00,2,0,0,0,0,0
TGUO35@WISC.EDU,9077313519,TGUO35@WISC.EDU,Tingyou,Guo,100.00,2.00,2.00,100.00,1,1,0,0,0,0
NHADERLEIN@WISC.EDU,9074910150,NHADERLEIN@WISC.EDU,Nicole,Haderlein,100.00,2.00,2.00,100.00,2,0,0,0,0,0
ERHAYDEN3@WISC.EDU,9078843753,ERHAYDEN3@WISC.EDU,Erica,Hayden,100.00,2.00,2.00,100.00,1,1,0,0,0,0
Mhayes5,9073522485,mhayes5@wisc.edu,Makayla,Hayes,100.00,2.00,2.00,100.00,1,1,0,0,0,0
CMHEINTZ@WISC.EDU,cmheintz,CMHEINTZ@WISC.EDU,Carleigh,Heintz,100.00,2.00,2.00,100.00,0,2,0,0,0,0
LHOUGE@WISC.EDU,9077269844,LHOUGE@WISC.EDU,Luke,Houge,100.00,2.00,2.00,100.00,1,1,0,0,0,0
HOVILA@WISC.EDU,9074745275,HOVILA@WISC.EDU,Erik,Hovila,100.00,2.00,2.00,100.00,2,0,0,0,0,0
YHU294@WISC.EDU,9078038750,YHU294@WISC.EDU,Yiming,Hu,100.00,2.00,2.00,100.00,0,2,0,0,0,0
Hubiankova,9076071779,HUBIANKOVA@WISC.EDU,HANNA,HUBIANKOVA,100.00,2.00,2.00,100.00,1,1,0,0,0,0
mdhughes2@wisc.edu,9077339480,mdhughes2@wisc.edu,Macallister,Hughes,100.00,2.00,2.00,100.00,2,0,0,0,0,0
JHUNDT@WISC.EDU,jhundt,JHUNDT@WISC.EDU,Jordan,Hundt,100.00,2.00,2.00,100.00,1,1,0,0,0,0
jaber4@wisc.edu,jaber4@wisc.edu,JABER4@WISC.EDU,Mahmoud,Jaber,0.00,0.00,2.00,0.00,0,0,2,0,0,0
RJAIN55@WISC.EDU,9079385457,RJAIN55@WISC.EDU,Rithik,Jain,100.00,2.00,2.00,100.00,0,2,0,0,0,0
JAWORSKI@CS.WISC.EDU,jpjaworski2,JAWORSKI@CS.WISC.EDU,Jonathan,Jaworski,100.00,2.00,2.00,100.00,1,1,0,0,0,0
JERGENSON@WISC.EDU,jergenson,JERGENSON@WISC.EDU,Austin,Jergenson,0.00,0.00,2.00,0.00,0,0,2,0,0,0
CEJOHNSON35@WISC.EDU,9079066701,CEJOHNSON35@WISC.EDU,Cole,Johnson,100.00,2.00,2.00,100.00,2,0,0,0,0,0
JACK.JOHNSON@WISC.EDU,,JACK.JOHNSON@WISC.EDU,Jack,Johnson,100.00,2.00,2.00,100.00,0,2,0,0,0,0
OJOLLEY@WISC.EDU,9079162195,OJOLLEY@WISC.EDU,Owen,Jolley,100.00,2.00,2.00,100.00,2,0,0,0,0,0
MKARRMANN@WISC.EDU,mkarrmann,MKARRMANN@WISC.EDU,MATTHEW,KARRMANN,100.00,2.00,2.00,100.00,0,2,0,0,0,0
ZKEITH@WISC.EDU,9077152941,ZKEITH@WISC.EDU,Zander,Keith,100.00,2.00,2.00,100.00,2,0,0,0,0,0
jwkelly4@wisc.edu,9075111915,jwkelly4@wisc.edu,Jake,Kelly,100.00,2.00,2.00,100.00,1,1,0,0,0,0
SPKHOR@WISC.EDU,9077245836,SPKHOR@WISC.EDU,Sean,Khor,100.00,2.00,2.00,100.00,1,1,0,0,0,0
KHULLAR2@WISC.EDU,khullar2,KHULLAR2@WISC.EDU,Suhit,Khullar,100.00,2.00,2.00,100.00,1,1,0,0,0,0
JKIM862@WISC.EDU,jkim862@wisc.edu,JKIM862@WISC.EDU,Frederick,Kim,100.00,2.00,2.00,100.00,1,1,0,0,0,0
KLIMKOSKY@WISC.EDU,,KLIMKOSKY@WISC.EDU,"matthew ","klimkosky ",100.00,2.00,2.00,100.00,0,2,0,0,0,0
LEKOCH@WISC.EDU,lekoch,LEKOCH@WISC.EDU,Lauren,Koch,100.00,2.00,2.00,100.00,1,1,0,0,0,0
kmkorth2@wisc.edu,9074979635,KMKORTH2@WISC.EDU,Katie,Korth,100.00,2.00,2.00,100.00,1,1,0,0,0,0
kkraninger@wisc.edu,,kkraninger@wisc.edu,Kyle,Kraninger,0.00,0.00,2.00,0.00,0,0,2,0,0,0
CKIM246@WISC.EDU,9074154825,CKIM246@WISC.EDU,"Sang il",Kwon,100.00,2.00,2.00,100.00,1,1,0,0,0,0
LAI38@WISC.EDU,9080150825,LAI38@WISC.EDU,Yongzhi,Lai,50.00,1.00,2.00,50.00,0,1,1,0,0,0
RHLAN2@WISC.EDU,9077380302,RHLAN2@WISC.EDU,Rebecca,Lan,100.00,2.00,2.00,100.00,0,2,0,0,0,0
MLAPREE@WISC.EDU,9080263032,MLAPREE@WISC.EDU,Michael,LaPree,100.00,2.00,2.00,100.00,2,0,0,0,0,0
ejlaskowski@wisc.edu,ejlaskowski,EJLASKOWSKI@WISC.EDU,Evan,Laskowski,100.00,2.00,2.00,100.00,1,1,0,0,0,0
LLECLAIR@WISC.EDU,9072953798,LLECLAIR@WISC.EDU,Luke,"Le Clair",100.00,2.00,2.00,100.00,2,0,0,0,0,0
KLEE385@WISC.EDU,9073935604,KLEE385@WISC.EDU,Kwon,Lee,100.00,2.00,2.00,100.00,1,1,0,0,0,0
RLEE47@WISC.EDU,9079590544,RLEE47@WISC.EDU,Rachael,Lee,100.00,2.00,2.00,100.00,1,1,0,0,0,0
DSLEVY2@WISC.EDU,9077503655,DSLEVY2@WISC.EDU,Daniel,Levy,100.00,2.00,2.00,100.00,1,1,0,0,0,0
liilafogarty@wisc.edu,9074554768,LIILAFOGARTY@WISC.EDU,Shane,Liila-Fogarty,100.00,2.00,2.00,100.00,1,1,0,0,0,0
CLOYA@WISC.EDU,9080542666,CLOYA@WISC.EDU,Charles,Loya,100.00,2.00,2.00,100.00,1,1,0,0,0,0
SDLUND@WISC.EDU,9078227130,SDLUND@WISC.EDU,Spencer,Lund,100.00,2.00,2.00,100.00,1,1,0,0,0,0
Echo666,9075855388,HMA65@WISC.EDU,HENGXUAN,MA,100.00,2.00,2.00,100.00,2,0,0,0,0,0
SMAKKAPATI@WISC.EDU,,SMAKKAPATI@WISC.EDU,Shourav,Makkapati,0.00,0.00,2.00,0.00,0,0,2,0,0,0
DMARCOUX@WISC.EDU,9079165172,DMARCOUX@WISC.EDU,Draeson,Marcoux,100.00,2.00,2.00,100.00,1,1,0,0,0,0
jmartin32,9074384935,JMARTIN32@WISC.EDU,Julia,Martin,100.00,2.00,2.00,100.00,0,2,0,0,0,0
QMCBRIDE@WISC.EDU,9078123339,QMCBRIDE@WISC.EDU,Quinn,McBride,100.00,2.00,2.00,100.00,1,1,0,0,0,0
lmccarthy5@wisc.edu,9074290520,lmccarthy5@wisc.edu,Liam,McCarthy,100.00,2.00,2.00,100.00,1,1,0,0,0,0
AMMIKOLAJEWS@WISC.EDU,ammikolajews,AMMIKOLAJEWS@WISC.EDU,Anthony,Mikolajewski,0.00,0.00,2.00,0.00,0,0,2,0,0,0
DJMILLER23@WISC.EDU,9079362399,DJMILLER23@WISC.EDU,Danny,Miller,0.00,0.00,2.00,0.00,0,0,2,0,0,0
DNASHOLD@WISC.EDU,9079109584,DNASHOLD@WISC.EDU,Declan,Nashold,100.00,2.00,2.00,100.00,0,2,0,0,0,0
CNASSERI@WISC.EDU,9081065816,CNASSERI@WISC.EDU,Chanour,Nasseri,0.00,0.00,2.00,0.00,0,0,2,0,0,0
JNI29@WISC.EDU,9080177802,JNI29@WISC.EDU,Jessica,Ni,100.00,2.00,2.00,100.00,2,0,0,0,0,0
eoklobdzija@wisc.edu,eoklobdzija,EOKLOBDZIJA@WISC.EDU,Eva,Oklobdzija,50.00,1.00,2.00,50.00,0,1,1,0,0,0
JJOLSON22@WISC.EDU,9074292849,JJOLSON22@WISC.EDU,Jordan,Olson,0.00,0.00,2.00,0.00,0,0,2,0,0,0
ort@wisc.edu,9075449547,ort@wisc.edu,MaKenna,Ort,100.00,2.00,2.00,100.00,1,1,0,0,0,0
JPANACKAL@WISC.EDU,jpanackal,JPANACKAL@WISC.EDU,Jacob,Panackal,100.00,2.00,2.00,100.00,0,2,0,0,0,0
pedersen5@wisc.edu,9074063554,PEDERSEN5@WISC.EDU,Conor,Pedersen,100.00,2.00,2.00,100.00,1,1,0,0,0,0
JPIERRO@WISC.EDU,9080213193,JPIERRO@WISC.EDU,Justin,Pierro,0.00,0.00,2.00,0.00,0,0,2,0,0,0
REAS@WISC.EDU,9071163902,REAS@WISC.EDU,Benjamin,Reas,100.00,2.00,2.00,100.00,2,0,0,0,0,0
MREAS@WISC.EDU,,MREAS@WISC.EDU,matt,reas,100.00,2.00,2.00,100.00,1,1,0,0,0,0
RINALDI2@WISC.EDU,9079145141,RINALDI2@WISC.EDU,Angela,Rinaldi,0.00,0.00,2.00,0.00,0,0,2,0,0,0
lmrohr@wisc.edu,lmrohr,LMROHR@WISC.EDU,Lauren,Rohr,100.00,2.00,2.00,100.00,2,0,0,0,0,0
AROSS24@WISC.EDU,9078145605,AROSS24@WISC.EDU,Aiden,Ross,100.00,2.00,2.00,100.00,1,1,0,0,0,0
ZRUDER@WISC.EDU,9077339696,ZRUDER@WISC.EDU,Zach,Ruder,100.00,2.00,2.00,100.00,1,1,0,0,0,0
JSABINASH@WISC.EDU,9077180199,JSABINASH@WISC.EDU,Jack,Sabinash,100.00,2.00,2.00,100.00,1,1,0,0,0,0
SCHAVER@WISC.EDU,9076034637,SCHAVER@WISC.EDU,Colin,Schaver,0.00,0.00,2.00,0.00,0,0,2,0,0,0
BSCHISEL@WISC.EDU,9074276594,BSCHISEL@WISC.EDU,Bryant,Schisel,100.00,2.00,2.00,100.00,1,1,0,0,0,0
MSCHMITZ9@WISC.EDU,mschmitz9,MSCHMITZ9@WISC.EDU,Mya,Schmitz,0.00,0.00,2.00,0.00,0,0,2,0,0,0
ASHAIKH4@WISC.EDU,9077927094,ASHAIKH4@WISC.EDU,Alisha,Shaikh,100.00,2.00,2.00,100.00,1,1,0,0,0,0
shatrawka@wisc.edu,9074748709,shatrawka@wisc.edu,Samuel,Shatrawka,100.00,2.00,2.00,100.00,0,2,0,0,0,0
HSHEN37@WISC.EDU,9075214289,HSHEN37@WISC.EDU,HAONAN,SHEN,100.00,2.00,2.00,100.00,2,0,0,0,0,0
OMSMITH@WISC.EDU,9079809886,OMSMITH@WISC.EDU,Olivia,Smith,0.00,0.00,2.00,0.00,0,0,2,0,0,0
DMSOLBERG@WISC.EDU,9079185733,DMSOLBERG@WISC.EDU,Dominic,Solberg,100.00,2.00,2.00,100.00,0,2,0,0,0,0
spitz3@wisc.edu,9074735771,SPITZ3@WISC.EDU,John,Spitz,0.00,0.00,2.00,0.00,0,0,2,0,0,0
TSPITZ@WISC.EDU,9079576444,TSPITZ@WISC.EDU,Theodore,Spitz,100.00,2.00,2.00,100.00,0,2,0,0,0,0
ZSTANGE@WISC.EDU,9078047991,ZSTANGE@WISC.EDU,Zachary,Stange,100.00,2.00,2.00,100.00,1,1,0,0,0,0
JJSTONER@WISC.EDU,9075525593,JJSTONER@WISC.EDU,Jared,Stoner,50.00,1.00,2.00,50.00,0,1,1,0,0,0
SUTANTO3@WISC.EDU,9080309363,SUTANTO3@WISC.EDU,James,Sutanto,100.00,2.00,2.00,100.00,1,1,0,0,0,0
sswing@wisc.edu,sswing,SSWING@WISC.EDU,Shane,Swing,100.00,2.00,2.00,100.00,0,2,0,0,0,0
SZOZDA@WISC.EDU,9079082856,SZOZDA@WISC.EDU,John,Szozda,100.00,2.00,2.00,100.00,1,1,0,0,0,0
STALLMADGE@WISC.EDU,9079232931,STALLMADGE@WISC.EDU,Sam,Tallmadge,100.00,2.00,2.00,100.00,0,2,0,0,0,0
BTANCK@WISC.EDU,9074910291,BTANCK@WISC.EDU,Bryan,Tanck,0.00,0.00,2.00,0.00,0,0,2,0,0,0
ATENJUM@WISC.EDU,atenjum,ATENJUM@WISC.EDU,Andrew,Tenjum,100.00,2.00,2.00,100.00,0,2,0,0,0,0
dthomas7@wisc.edu,dthomas7,DTHOMAS7@WISC.EDU,Derek,Thomas,100.00,2.00,2.00,100.00,1,1,0,0,0,0
CTUO@WISC.EDU,9079584299,CTUO@WISC.EDU,Sandy,Tuo,100.00,2.00,2.00,100.00,0,2,0,0,0,0
uchupalanun,9071742689,uchupalanun@wisc.edu,Pajean,Uchupalanun,100.00,2.00,2.00,100.00,1,1,0,0,0,0
MVANNIEUWENH@WISC.EDU,9078139764,MVANNIEUWENH@WISC.EDU,Michael,Vannieuwenhoven,100.00,2.00,2.00,100.00,1,1,0,0,0,0
AVASISHT@WISC.EDU,9080031058,AVASISHT@WISC.EDU,Akarsh,Vasisht,100.00,2.00,2.00,100.00,2,0,0,0,0,0
VIGY@WISC.EDU,9078163012,VIGY@WISC.EDU,Jules,Vigy,100.00,2.00,2.00,100.00,1,1,0,0,0,0
CWANG553@WISC.EDU,9077508928,CWANG553@WISC.EDU,Ching-Wen,Wang,100.00,2.00,2.00,100.00,1,1,0,0,0,0
ZWANG2262@WISC.EDU,9079666252,ZWANG2262@WISC.EDU,Zihan,Wang,100.00,2.00,2.00,100.00,0,2,0,0,0,0
YWANI@WISC.EDU,ywani,YWANI@WISC.EDU,Yash,Wani,100.00,2.00,2.00,100.00,1,1,0,0,0,0
MVWINARTA@WISC.EDU,9080149512,MVWINARTA@WISC.EDU,Megan,Winarta,100.00,2.00,2.00,100.00,0,2,0,0,0,0
JRWOZNICKI@WISC.EDU,jrwoznicki,JRWOZNICKI@WISC.EDU,James,Woznicki,0.00,0.00,2.00,0.00,0,0,2,0,0,0
mwu236@wisc.edu,9078136042,MWU236@WISC.EDU,menghan,wu,100.00,2.00,2.00,100.00,1,1,0,0,0,0
SWU352@WISC.EDU,9080336184,SWU352@WISC.EDU,Shiqiang,Wu,100.00,2.00,2.00,100.00,0,2,0,0,0,0
KNXIONG2@WISC.EDU,"KEY XIONG",KNXIONG2@WISC.EDU,Key,Xiong,100.00,2.00,2.00,100.00,0,2,0,0,0,0
lyang284@wisc.edu,9074078339,LYANG284@WISC.EDU,Lecas,Yang,0.00,0.00,2.00,0.00,0,0,2,0,0,0
ZYANG439@WISC.EDU,9079510583,ZYANG439@WISC.EDU,ZONGLIN,YANG,100.00,2.00,2.00,100.00,1,1,0,0,0,0
HYAO36@WISC.EDU,hyao36,HYAO36@WISC.EDU,Daniel,Yao,100.00,2.00,2.00,100.00,2,0,0,0,0,0
Aryoung4,9070867115,aryoung4@wisc.edu,Amanda,Young,100.00,2.00,2.00,100.00,1,1,0,0,0,0
YUDAWAN@WISC.EDU,9077152297,YUDAWAN@WISC.EDU,Ardian,Yudawan,100.00,2.00,2.00,100.00,1,1,0,0,0,0
JZHANG2232@WISC.EDU,9080821474,JZHANG2232@WISC.EDU,Jiaxin,Zhang,0.00,0.00,2.00,0.00,0,0,2,0,0,0
SCZHONG@WISC.EDU,9079174398,SCZHONG@WISC.EDU,Sabrina,Zhong,0.00,0.00,2.00,0.00,0,0,2,0,0,0
