Username,"Student ID","Email Address","First Name","Last Name","Average %",Grade,Weight,"Participation %","Questions & Discussions",,,"Questions & Discussions within Pages",,
,,,,,,,,,Correct,Incorrect,Missed,Correct,Incorrect,Missed
GHU34@WISC.EDU,,GHU34@WISC.EDU,,,80.00,8.00,10.00,80.00,0,0,2,0,0,0
EJOHANSSON@WISC.EDU,,EJOHANSSON@WISC.EDU,,,90.00,9.00,10.00,90.00,0,0,1,0,0,0
ZBFINE@WISC.EDU,zbfine@wisc.edu,ZBFINE@WISC.EDU,,,90.00,9.00,10.00,90.00,0,0,1,0,0,0
ALAFFERTY@WISC.EDU,alafferty,ALAFFERTY@WISC.EDU,,,0.00,0.00,10.00,0.00,0,0,10,0,0,0
OPALACZ@WISC.EDU,,OPALACZ@WISC.EDU,,,100.00,10.00,10.00,100.00,0,0,0,0,0,0
MJANISZEWSKI@WISC.EDU,mjaniszewski,MJANISZEWSKI@WISC.EDU,,,100.00,10.00,10.00,100.00,0,0,0,0,0,0
EIWINTERS@WISC.EDU,9079131828,EIWINTERS@WISC.EDU,,,100.00,10.00,10.00,100.00,0,0,0,0,0,0
PAPADIA@WISC.EDU,,PAPADIA@WISC.EDU,,,100.00,10.00,10.00,100.00,0,0,0,0,0,0
CLIN328@WISC.EDU,,CLIN328@WISC.EDU,,,70.00,7.00,10.00,70.00,0,0,3,0,0,0
ELEIVA@WISC.EDU,9079107976,ELEIVA@WISC.EDU,,,100.00,10.00,10.00,100.00,0,0,0,0,0,0
aspilde@wisc.edu,,aspilde@wisc.edu,,,100.00,10.00,10.00,100.00,0,0,0,0,0,0
MPSCHAEFER2@WISC.EDU,9079051448,MPSCHAEFER2@WISC.EDU,,,100.00,10.00,10.00,100.00,0,0,0,0,0,0
PEMKAY@WISC.EDU,pemkay,PEMKAY@WISC.EDU,,,100.00,10.00,10.00,100.00,0,0,0,0,0,0
BHU34@WISC.EDU,9075308784,BHU34@WISC.EDU,,,100.00,10.00,10.00,100.00,0,0,0,0,0,0
aplastrik@wisc.edu,9078501906,aplastrik@wisc.edu,,,100.00,10.00,10.00,100.00,0,0,0,0,0,0
EDABRAJAN@WISC.EDU,9072906135,EDABRAJAN@WISC.EDU,Enrique,Abrajan,0.00,0.00,10.00,0.00,0,0,10,0,0,0
APTER@WISC.EDU,9080315584,APTER@WISC.EDU,Alec,Apter,100.00,10.00,10.00,100.00,0,0,0,0,0,0
BBREN3@WISC.EDU,,BBREN3@WISC.EDU,BRIANNA,BREN,100.00,10.00,10.00,100.00,0,0,0,0,0,0
JJBURNS@WISC.EDU,jjburns,JJBURNS@WISC.EDU,Jessica,Burns,100.00,10.00,10.00,100.00,0,0,0,0,0,0
MCHAN35@WISC.EDU,mchan35,MCHAN35@WISC.EDU,Matthias,Chan,100.00,10.00,10.00,100.00,0,0,0,0,0,0
VCHAN7@WISC.EDU,9078326536,VCHAN7@WISC.EDU,Victor,Chan,0.00,0.00,10.00,0.00,0,0,10,0,0,0
WCHAN34@WISC.EDU,9080627988,WCHAN34@WISC.EDU,"Wai Tsun",Chan,90.00,9.00,10.00,90.00,0,0,1,0,0,0
ZCHEN665@WISC.EDU,9079789757,ZCHEN665@WISC.EDU,Zhengzhi,Chen,100.00,10.00,10.00,100.00,0,0,0,0,0,0
CCHOI36@WISC.EDU,9078331494,CCHOI36@WISC.EDU,Connor,Choi,80.00,8.00,10.00,80.00,0,0,2,0,0,0
ccinelli@wisc.edu,9068439752,ccinelli@wisc.edu,"Cory ",Cinelli,0.00,0.00,10.00,0.00,0,0,10,0,0,0
ADCOHEN7@WISC.EDU,adcohen7,ADCOHEN7@WISC.EDU,Aaron,Cohen,100.00,10.00,10.00,100.00,0,0,0,0,0,0
JECOHEN3@WISC.EDU,9079873759,JECOHEN3@WISC.EDU,Joshua,Cohen,0.00,0.00,10.00,0.00,0,0,10,0,0,0
CACONWAY@WISC.EDU,9062696514,CACONWAY@WISC.EDU,Caitlin,Conway,80.00,8.00,10.00,80.00,0,0,2,0,0,0
jrcoughlin,jrcoughlin,JRCOUGHLIN@WISC.EDU,Jack,Coughlin,100.00,10.00,10.00,100.00,0,0,0,0,0,0
ECRUZ3@WISC.EDU,9071028451,ECRUZ3@WISC.EDU,Elisa,Cruz,100.00,10.00,10.00,100.00,0,0,0,0,0,0
edahle@wisc.edu,edahle,edahle@wisc.edu,Evan,Dahle,100.00,10.00,10.00,100.00,0,0,0,0,0,0
LDEMARS@WISC.EDU,9079059318,LDEMARS@WISC.EDU,Logan,DeMars,100.00,10.00,10.00,100.00,0,0,0,0,0,0
BRDESWARTE@WISC.EDU,9079059391,BRDESWARTE@WISC.EDU,Blake,DeSwarte,0.00,0.00,10.00,0.00,0,0,10,0,0,0
adiguilio@wisc.edu,9077644038,adiguilio@wisc.edu,Andrew,DiGuilio,100.00,10.00,10.00,100.00,0,0,0,0,0,0
ddubeau@wisc.edu,ddubeau,DDUBEAU@WISC.EDU,Devin,DuBeau,100.00,10.00,10.00,100.00,0,0,0,0,0,0
duggan3@wisc.edu,9077276849,DUGGAN3@WISC.EDU,Jonathan,Duggan,40.00,4.00,10.00,40.00,0,0,6,0,0,0
CJDUNBAR@WISC.EDU,9074492100,CJDUNBAR@WISC.EDU,Cole,Dunbar,100.00,10.00,10.00,100.00,0,0,0,0,0,0
GDUNKELBERGE@WISC.EDU,9012566346,GDUNKELBERGE@WISC.EDU,Greg,Dunkelberger,90.00,9.00,10.00,90.00,0,0,1,0,0,0
CENGEL2@WISC.EDU,9062203683,CENGEL2@WISC.EDU,Caleb,Engel,100.00,10.00,10.00,100.00,0,0,0,0,0,0
JFERRIGAN@WISC.EDU,9078651495,JFERRIGAN@WISC.EDU,Jake,Ferrigan,100.00,10.00,10.00,100.00,0,0,0,0,0,0
MDFLANNERY@WISC.EDU,9078247591,MDFLANNERY@WISC.EDU,Mick,Flannery,70.00,7.00,10.00,70.00,0,0,3,0,0,0
DFRIENDLY@WISC.EDU,9079530425,DFRIENDLY@WISC.EDU,Dylan,Friendly,100.00,10.00,10.00,100.00,0,0,0,0,0,0
ZGAO88@WISC.EDU,,ZGAO88@WISC.EDU,Zenan,Gao,70.00,7.00,10.00,70.00,0,0,3,0,0,0
BMGEISSLER@WISC.EDU,9079049806,BMGEISSLER@WISC.EDU,Bronz,Geissler,100.00,10.00,10.00,100.00,0,0,0,0,0,0
EGOETHEL@WISC.EDU,9079359643,EGOETHEL@WISC.EDU,Evan,Goethel,100.00,10.00,10.00,100.00,0,0,0,0,0,0
GONCZ@WISC.EDU,goncz,GONCZ@WISC.EDU,Tyler,Goncz,100.00,10.00,10.00,100.00,0,0,0,0,0,0
GGRANBERRY@WISC.EDU,,GGRANBERRY@WISC.EDU,Griffin,Granberry,100.00,10.00,10.00,100.00,0,0,0,0,0,0
jaber4@wisc.edu,jaber4@wisc.edu,JABER4@WISC.EDU,Mahmoud,Jaber,0.00,0.00,10.00,0.00,0,0,10,0,0,0
ijaffri@wisc.edu,0626724,IJAFFRI@WISC.EDU,Ismael,Jaffri,40.00,4.00,10.00,40.00,0,0,6,0,0,0
NJEFFRIES@WISC.EDU,9078066280,NJEFFRIES@WISC.EDU,Nicholas,Jeffries,0.00,0.00,10.00,0.00,0,0,10,0,0,0
SJEON25@WISC.EDU,9070064812,SJEON25@WISC.EDU,Seunghyun,Jeon,100.00,10.00,10.00,100.00,0,0,0,0,0,0
JJIANG245@WISC.EDU,9080287262,JJIANG245@WISC.EDU,Jiaqi,Jiang,100.00,10.00,10.00,100.00,0,0,0,0,0,0
SWKELLOGG@WISC.EDU,9079855103,SWKELLOGG@WISC.EDU,Sam,Kellogg,100.00,10.00,10.00,100.00,0,0,0,0,0,0
YKIM776@WISC.EDU,ykim776,YKIM776@WISC.EDU,Yongseong,Kim,100.00,10.00,10.00,100.00,0,0,0,0,0,0
akoenig3@wisc.edu,9071141023,akoenig3@wisc.edu,Andrew,Koenig,100.00,10.00,10.00,100.00,0,0,0,0,0,0
CPKRAUSE2@WISC.EDU,9078082915,CPKRAUSE2@WISC.EDU,Collin,Krause,100.00,10.00,10.00,100.00,0,0,0,0,0,0
FKRIEGER@WISC.EDU,,FKRIEGER@WISC.EDU,Grant,Krieger,0.00,0.00,10.00,0.00,0,0,10,0,0,0
GKRUSE@WISC.EDU,9069808062,GKRUSE@WISC.EDU,Gabe,Kruse,100.00,10.00,10.00,100.00,0,0,0,0,0,0
skuklinski@wisc.edu,9072927347,SKUKLINSKI@WISC.EDU,Sam,Kuklinski,100.00,10.00,10.00,100.00,0,0,0,0,0,0
RLARA3@WISC.EDU,9079253119,RLARA3@WISC.EDU,Rio,Lara,0.00,0.00,10.00,0.00,0,0,10,0,0,0
SJLIN4@WISC.EDU,9080615595,SJLIN4@WISC.EDU,Shiyu,Lin,30.00,3.00,10.00,30.00,0,0,7,0,0,0
clisowski@wisc.edu,CLisowski,CLISOWSKI@WISC.EDU,Clayton,Lisowski,0.00,0.00,10.00,0.00,0,0,10,0,0,0
MELIU2@WISC.EDU,9079833845,MELIU2@WISC.EDU,Melissa,Liu,100.00,10.00,10.00,100.00,0,0,0,0,0,0
ZLIU682@WISC.EDU,zliu682,ZLIU682@WISC.EDU,Zhangqi,Liu,90.00,9.00,10.00,90.00,0,0,1,0,0,0
blusk@wisc.edu,,blusk@wisc.edu,Brandon,Lusk,100.00,10.00,10.00,100.00,0,0,0,0,0,0
mmaas2@wisc.edu,9075425901,MMAAS2@WISC.EDU,Michael,Maas,100.00,10.00,10.00,100.00,0,0,0,0,0,0
AMMACDONALD2@WISC.EDU,9079136108,AMMACDONALD2@WISC.EDU,Aaron,Macdonald,100.00,10.00,10.00,100.00,0,0,0,0,0,0
marmara@wisc.edu,9075650144,MARMARA@WISC.EDU,Burak,Marmara,100.00,10.00,10.00,100.00,0,0,0,0,0,0
tmattioli@wisc.edu,9072576383,TMATTIOLI@WISC.EDU,Tony,Mattioli,50.00,5.00,10.00,50.00,0,0,5,0,0,0
hmckeough@wisc.edu,Hmckeough,hmckeough@wisc.edu,Hadyn,McKeough,0.00,0.00,10.00,0.00,0,0,10,0,0,0
DFMEEHAN@WISC.EDU,9076457218,DFMEEHAN@WISC.EDU,Dylan,Meehan,0.00,0.00,10.00,0.00,0,0,10,0,0,0
CMRKVICKA@WISC.EDU,9074338832,CMRKVICKA@WISC.EDU,Charlie,Mrkvicka,100.00,10.00,10.00,100.00,0,0,0,0,0,0
jmudge17,9074338865,jmudge@wisc.edu,Jonah,Mudge,100.00,10.00,10.00,100.00,0,0,0,0,0,0
ANOEL3@WISC.EDU,9079214699,ANOEL3@WISC.EDU,Abigail,Noel,100.00,10.00,10.00,100.00,0,0,0,0,0,0
jjohearn@wisc.edu,9076568824,jjohearn@wisc.edu,Jacob,O'Hearn,80.00,8.00,10.00,80.00,0,0,2,0,0,0
pwolson@wisc.edu,pwolson,PWOLSON@WISC.EDU,Phillip,Olson,80.00,8.00,10.00,80.00,0,0,2,0,0,0
APAKKALA@WISC.EDU,9074420143,APAKKALA@WISC.EDU,Abigail,Pakkala,100.00,10.00,10.00,100.00,0,0,0,0,0,0
hpatel5@wisc.edu,9072851109,HPATEL5@WISC.EDU,Harin,Patel,100.00,10.00,10.00,100.00,0,0,0,0,0,0
epetruska@wisc.edu,9076482752,epetruska@wisc.edu,Eloise,Petruska,100.00,10.00,10.00,100.00,0,0,0,0,0,0
APOLL@WISC.EDU,9074126518,APOLL@WISC.EDU,ANNE,POLL,100.00,10.00,10.00,100.00,0,0,0,0,0,0
RPOND2@WISC.EDU,9079307352,RPOND2@WISC.EDU,Reily,Pond,0.00,0.00,10.00,0.00,0,0,10,0,0,0
jpopp2@wisc.edu,9075011149,JPOPP2@WISC.EDU,John,Popp,100.00,10.00,10.00,100.00,0,0,0,0,0,0
kdprasad@wisc.edu,kdprasad,KDPRASAD@WISC.EDU,"Kiran ",Prasad,100.00,10.00,10.00,100.00,0,0,0,0,0,0
SQUINN4@WISC.EDU,9071168406,SQUINN4@WISC.EDU,Sarah,Quinn,100.00,10.00,10.00,100.00,0,0,0,0,0,0
TRADICIA@WISC.EDU,9073233505,TRADICIA@WISC.EDU,Trent,Radicia,80.00,8.00,10.00,80.00,0,0,2,0,0,0
BRAFFEL@WISC.EDU,9074979552,BRAFFEL@WISC.EDU,Benjamin,Raffel,100.00,10.00,10.00,100.00,0,0,0,0,0,0
rmramachandr@wisc.edu,9071723168,RMRAMACHANDR@WISC.EDU,Rohan,Ramachandran,100.00,10.00,10.00,100.00,0,0,0,0,0,0
BJSCHAEFER3@WISC.EDU,bjschaefer3,BJSCHAEFER3@WISC.EDU,Brandon,Schaefer,100.00,10.00,10.00,100.00,0,0,0,0,0,0
jschilling2@wisc.edu,9077652973,jschilling2@wisc.edu,Jordan,Schilling,100.00,10.00,10.00,100.00,0,0,0,0,0,0
SCHLONDROP@WISC.EDU,9077668136,SCHLONDROP@WISC.EDU,Adam,Schlondrop,100.00,10.00,10.00,100.00,0,0,0,0,0,0
jmschmidt22@wisc.edu,9076069757,JMSCHMIDT22@WISC.EDU,Jacob,Schm,100.00,10.00,10.00,100.00,0,0,0,0,0,0
Turtlenator,9075427949,MSSCHMIDT5@WISC.EDU,Matthew,Schmidt,100.00,10.00,10.00,100.00,0,0,0,0,0,0
cschwartz8@wisc.edu,cschwartz8,CSCHWARTZ8@WISC.EDU,Carter,Schwartz,100.00,10.00,10.00,100.00,0,0,0,0,0,0
esobieck@wisc.edu,9071454871,esobieck@wisc.edu,Eric,Sobieck,100.00,10.00,10.00,100.00,0,0,0,0,0,0
WSOLSRUD@WISC.EDU,9078993285,WSOLSRUD@WISC.EDU,Winston,Solsrud,80.00,8.00,10.00,80.00,0,0,2,0,0,0
SOUTHARD2@WISC.EDU,9079171311,SOUTHARD2@WISC.EDU,Danny,Southard,100.00,10.00,10.00,100.00,0,0,0,0,0,0
PSTEEGE@WISC.EDU,9077462787,PSTEEGE@WISC.EDU,Paul,Steege,100.00,10.00,10.00,100.00,0,0,0,0,0,0
"Sydney Stern",9079433265,SJSTERN2@WISC.EDU,Sydney,Stern,100.00,10.00,10.00,100.00,0,0,0,0,0,0
STHAO37@WISC.EDU,9074561896,STHAO37@WISC.EDU,Soua,Thao,0.00,0.00,10.00,0.00,0,0,10,0,0,0
UNREIN@WISC.EDU,9072596555,UNREIN@WISC.EDU,Joseph,Unrein,100.00,10.00,10.00,100.00,0,0,0,0,0,0
VANDERVERE@WISC.EDU,9078725638,VANDERVERE@WISC.EDU,Kyle,VanderVere,100.00,10.00,10.00,100.00,0,0,0,0,0,0
SVERHEYEN@WISC.EDU,9077672195,SVERHEYEN@WISC.EDU,Steven,Verheyen,0.00,0.00,10.00,0.00,0,0,10,0,0,0
KVOLZ@WISC.EDU,9075834623,KVOLZ@WISC.EDU,Karly,Volz,100.00,10.00,10.00,100.00,0,0,0,0,0,0
CWAGNER9@WISC.EDU,cwagner9,CWAGNER9@WISC.EDU,Cole,Wagner,80.00,8.00,10.00,80.00,0,0,2,0,0,0
amwagner8@wisc.edu,9079187093,amwagner8@wisc.edu,Drew,Wagner,100.00,10.00,10.00,100.00,0,0,0,0,0,0
CWANG643@WISC.EDU,cwang643,CWANG643@WISC.EDU,Chongyang,Wang,70.00,7.00,10.00,70.00,0,0,3,0,0,0
LWEHRLI@WISC.EDU,9079394533,LWEHRLI@WISC.EDU,Lukas,Wehrli,100.00,10.00,10.00,100.00,0,0,0,0,0,0
SWEINGORD@WISC.EDU,sweingord,SWEINGORD@WISC.EDU,spencer,weingord,100.00,10.00,10.00,100.00,0,0,0,0,0,0
MWETTSTEIN2@WISC.EDU,9074452617,MWETTSTEIN2@WISC.EDU,Molly,Wettstein,100.00,10.00,10.00,100.00,0,0,0,0,0,0
MPWILCOX@WISC.EDU,9072931240,MPWILCOX@WISC.EDU,Michael,Wilcox,90.00,9.00,10.00,90.00,0,0,1,0,0,0
WILKSBOGUSZE@WISC.EDU,9079689890,WILKSBOGUSZE@WISC.EDU,Sion,Wilks-Boguszewicz,100.00,10.00,10.00,100.00,0,0,0,0,0,0
SWU354@WISC.EDU,,SWU354@WISC.EDU,Panacea,Wu,100.00,10.00,10.00,100.00,0,0,0,0,0,0
SXIA35@WISC.EDU,9078271310,SXIA35@WISC.EDU,Steven,Xia,0.00,0.00,10.00,0.00,0,0,10,0,0,0
pxiong55,9072906028,PXIONG55@WISC.EDU,PAZEE,XIONG,100.00,10.00,10.00,100.00,0,0,0,0,0,0
ayeung4@wisc.edu,ayeung4,AYEUNG4@WISC.EDU,Alex,Yeung,50.00,5.00,10.00,50.00,0,0,5,0,0,0
DYODER@WISC.EDU,9071201090,DYODER@WISC.EDU,Delano,Yoder,70.00,7.00,10.00,70.00,0,0,3,0,0,0
JZHANG999@WISC.EDU,9080309488,JZHANG999@WISC.EDU,Jing,Zhang,100.00,10.00,10.00,100.00,0,0,0,0,0,0
HZHAO249@WISC.EDU,hzhao249,HZHAO249@WISC.EDU,Haichun,Zhao,100.00,10.00,10.00,100.00,0,0,0,0,0,0
